Protocol,Count,Percentage
TCP,150,55.970149253731336
UDP,78,29.1044776119403
ICMP,40,14.925373134328357
